InitialEqtyPrice,ID2,Equity Underlying Identifier,Account Abbreviation,Product Type,Currency Code,Swap Id,Swap Id,Notional,ID3,Option Exercise Start Date,# of Shares/Options,Notional 2,Executing Broker,Protection,Pay/Receive
291.8094,1887196755,GB00B4K4X773,3472,EQS,USD,410374,410374,2500000,1887196756,,,8567.236011,,,Pay
291.6942,1887197274,GB00B4K4X773,3472,EQS,USD,410458,410458,2500000,1887197275,,,8570.619505,,,Pay
173.2504,1887196692,GB00B4Q2XT74,3472,EQS,USD,410478,410478,2500002,1887196691,,1,14429.98111,,,Receive
14.765,1887179523,B1VS333,3472,EQS,USD,410499,410499,147650,1887179524,,,10000,,,Pay
38.955,1887197884,B01Z8P4,4568,EQS,USD,410502,410502,213083.85,1887197885,,,5470,,,Pay
5.255,1888975161,BYV2W40,4568,EQS,USD,410503,410503,56375.64,1888975162,,,10728,,,Pay
43.565,1888974756,B4PZ892,4568,EQS,USD,410504,410504,165895.52,1888974757,,,3808,,,Receive
141.985,1887198176,B15M2C3,4568,EQS,USD,410505,410505,109896.39,1887198177,,,774,,,Receive
35.115,1887198060,BYV3856,4568,EQS,USD,410506,410506,130627.8,1887198061,,,3720,,,Receive
26.225,1887198153,B0BD762,4568,EQS,USD,410507,410507,280738.63,1887198154,,,10705,,,Pay
0.1123,1888974768,B2B0KJ1,4568,EQS,USD,410508,410508,11478.07,1888974769,,,102209,,,Receive
6.525,1888974535,BYM7YF9,4568,EQS,USD,410509,410509,350457.75,1888974536,,,53710,,,Receive
5.015,1888974501,BYZ0RD4,4568,EQS,USD,410510,410510,152285.49,1888974502,,,30366,,,Pay
27.665,1887197958,BD72H64,4568,EQS,USD,410511,410511,373422.17,1887197959,,,13498,,,Receive
17.525,1887197950,BYT55F3,4568,EQS,USD,410512,410512,351972.1,1887197953,,,20084,,,Receive
11.855,1887197904,BQVC8B3,4568,EQS,USD,410513,410513,221214.3,1887197905,,,18660,,,Pay
19.225,1887198067,BVB3BV2,4568,EQS,USD,410514,410514,25050.18,1887198068,,,1303,,,Pay
6.985,1887198090,B0PZN33,4568,EQS,USD,410515,410515,198443.85,1887198091,,,28410,,,Receive
15.375,1888974481,B0BV2M7,4568,EQS,USD,410516,410516,147523.13,1888974482,,,9595,,,Pay
25.005,1888974759,BJBQ1S4,4568,EQS,USD,410517,410517,97819.56,1888974760,,,3912,,,Receive
21.345,1888975199,BNFWZS4,4568,EQS,USD,410518,410518,237185.64,1888975200,,,11112,,,Receive
49.085,1888975332,BCD7L64,4568,EQS,USD,410519,410519,121436.29,1888975333,,,2474,,,Receive
6.675,1888975259,BYTP3G0,4568,EQS,USD,410520,410520,200690.55,1888975260,,,30066,,,Pay
27.275,1887197862,B2RB4W9,4568,EQS,USD,410521,410521,41348.9,1887197863,,,1516,,,Pay
104.355,1887198074,BBM5MD6,4568,EQS,USD,410522,410522,48003.3,1887198075,,,460,,,Receive
88.415,1888974493,B48HGT1,4568,EQS,USD,410523,410523,109988.26,1888974494,,,1244,,,Pay
36.795,1888974815,BG6N6K6,4568,EQS,USD,410524,410524,5114.51,1888974816,,,139,,,Pay
717.975,1888975266,B0X7DZ3,4568,EQS,USD,410525,410525,30154.95,1888975267,,,42,,,Pay
6.2575,1887197943,B6QCFP1,4568,EQS,AUD,410526,410526,73682.06,1887197944,,,11775,,,Receive
5.3464,1887197892,B56CQJ5,4568,EQS,AUD,410527,410527,65685.87,1887197893,,,12286,,,Receive
0.0076,1887197857,BD86CY8,4568,EQS,USD,410528,410528,397640,1887197859,,,52321052,,,Receive
2.0024,1887197928,B07YHR0,4568,EQS,AUD,410529,410529,230492.26,1887197929,,,115108,,,Receive
0.3763,1887198097,BBFSC98,4568,EQS,USD,410530,410530,21508.56,1887198098,,,57158,,,Pay
21.47,1888974478,BYQMV15,4568,EQS,USD,410531,410531,355564.67,1888974479,,,16561,,,Receive
0.4038,1888974622,BD2B6P8,4568,EQS,USD,410532,410532,173250.39,1888974623,,,429050,,,Receive
1.0012,1888974586,B1CND93,4568,EQS,AUD,410533,410533,122023.25,1888974587,,,121877,,,Receive
116.505,1887198181,B748CK2,4568,EQS,USD,410534,410534,147728.34,1887198182,,,1268,,,Receive
58.225,1887198173,BYQD1J6,4568,EQS,USD,410535,410535,394008.58,1887198174,,,6767,,,Pay
44.245,1888974643,B3NB1P2,4568,EQS,CAD,410536,410536,188483.7,1888974644,,,4260,,,Receive
0.8789,1888974793,B298TQ7,4568,EQS,AUD,410537,410537,97513.96,1888974794,,,110950,,,Pay
4.4225,1887198024,BD0SJ96,4568,EQS,USD,410538,410538,171911.42,1887198025,,,38872,,,Pay
0.4482,1887197988,BFMV1R9,4568,EQS,USD,410539,410539,341088.27,1887197989,,,761018,,,Pay
56.795,1888974753,BYQQ3P5,4568,EQS,USD,410540,410540,388591.39,1888974754,,,6842,,,Receive
27.885,1888974598,B7KY3Z6,4568,EQS,USD,410541,410541,205233.6,1888974599,,,7360,,,Pay
73.926,1888975206,BBL4QM1,4568,EQS,DKK,410542,410542,1542022.43,1888975207,,,20859,,,Pay
26.0739,1888975186,5785186,4568,EQS,EUR,410543,410543,132872.59,1888975187,,,5096,,,Pay
11.375,1888974625,BY7R410,4568,EQS,USD,410544,410544,264673.5,1888974626,,,23268,,,Receive
3.7917,1887197880,BMNDKT8,4568,EQS,USD,410545,410545,247393.26,1887197881,,,65246,,,Pay
20.625,1887197889,BD2B4V0,4568,EQS,USD,410546,410546,255193.13,1887197890,,,12373,,,Receive
35.515,1887197865,B01DFS0,4568,EQS,USD,410547,410547,51780.87,1887197866,,,1458,,,Receive
0.3674,1888974570,6084365,4568,EQS,USD,410548,410548,48607.02,1888974571,,,132300,,,Pay
36.275,1887197931,B23DBK6,4568,EQS,USD,410549,410549,179887.73,1887197932,,,4959,,,Pay
21.255,1887197967,B7GMCG8,4568,EQS,USD,410550,410550,202942.74,1887197968,,,9548,,,Receive
26.525,1887197907,B29GJQ1,4568,EQS,USD,410551,410551,232252.9,1887197908,,,8756,,,Receive
47.275,1887197970,BS7K7M9,4568,EQS,USD,410552,410552,33281.6,1887197971,,,704,,,Pay
7.995,1887197961,BZ0P429,4568,EQS,USD,410553,410553,175106.49,1887197962,,,21902,,,Receive
1138.825,1887198209,BYY88Y7,4568,EQS,USD,410554,410554,253957.98,1887198210,,,223,,,Pay
69.105,1887198189,BCRY5K3,4568,EQS,USD,410555,410555,66824.54,1887198190,,,967,,,Receive
17.015,1888974504,B00G8B4,4568,EQS,USD,410556,410556,27785.5,1888974505,,,1633,,,Receive
275.275,1887197940,BYSPYB3,4568,EQS,USD,410557,410557,5505.5,1887197941,,,20,,,Receive
6.835,1887198083,BGCBBK9,4568,EQS,USD,410558,410558,187545.57,1887198084,,,27439,,,Receive
14.775,1887198200,BYVYWS0,4568,EQS,USD,410559,410559,155329.58,1887198201,,,10513,,,Receive
131.285,1887197997,B570P91,4568,EQS,USD,410560,410560,187343.7,1887197998,,,1427,,,Receive
27.375,1887198204,B547X79,4568,EQS,USD,410561,410561,58254,1887198205,,,2128,,,Pay
3.0225,1887197982,B1YB5Y4,4568,EQS,USD,410562,410562,43215.71,1887197983,,,14298,,,Pay
37.475,1888974529,BD72R64,4568,EQS,USD,410563,410563,240552.03,1888974530,,,6419,,,Pay
33.455,1887198194,BF4W5T0,4568,EQS,USD,410564,410564,226122.35,1887198195,,,6759,,,Receive
91.715,1887197991,B02PQV5,4568,EQS,USD,410565,410565,337327.77,1887197992,,,3678,,,Receive
0.9007,1887197922,B5TT187,4568,EQS,GBP,410566,410566,236435.55,1887197923,,,262502,,,Pay
1.9325,1887197925,BDGJMK5,4568,EQS,USD,410567,410567,134558.04,1887197926,,,69629,,,Pay
16.175,1887197994,B7M66F1,4568,EQS,USD,410568,410568,95044.3,1887197995,,,5876,,,Receive
15.225,1888974475,B8NB2R6,4568,EQS,USD,410569,410569,198899.4,1888974476,,,13064,,,Pay
15.725,1888974637,BYZD465,4568,EQS,USD,410570,410570,64378.15,1888974638,,,4094,,,Pay
76.885,1888974688,B1FP363,4568,EQS,USD,410571,410571,31061.54,1888974689,,,404,,,Pay
57.475,1888974555,BD0Q558,4568,EQS,USD,410572,410572,119203.15,1888974556,,,2074,,,Pay
13.625,1888974803,BY3H7G0,4568,EQS,USD,410573,410573,162886.88,1888974804,,,11955,,,Receive
60.085,1888975209,BS7K7C9,4568,EQS,USD,410574,410574,87844.27,1888975210,,,1462,,,Receive
5.815,1888975151,BF2F1K4,4568,EQS,USD,410575,410575,87230.82,1888975152,,,15001,,,Receive
303.395,1888975172,BYQCZ35,4568,EQS,USD,410576,410576,326149.63,1888975173,,,1075,,,Pay
38.225,1888975328,BD8QGH9,4568,EQS,USD,410577,410577,180269.1,1888975329,,,4716,,,Pay
53.965,1888975304,B9M9ZZ7,4568,EQS,USD,410578,410578,141658.13,1888975305,,,2625,,,Receive
138.475,1888975279,B1YWR63,4568,EQS,USD,410579,410579,20355.83,1888975280,,,147,,,Pay
14.6853,1888975181,4920825,4568,EQS,EUR,410580,410580,49606.94,1888975182,,,3378,,,Pay
30.795,1887197871,B7F4TJ7,4568,EQS,USD,410581,410581,220584.59,1887197872,,,7163,,,Pay
1.0225,1887197858,BZ3G9B3,4568,EQS,USD,410582,410582,205989.78,1887197861,,,201457,,,Pay
50.715,1887197868,BZ1N455,4568,EQS,USD,410583,410583,154934.33,1887197869,,,3055,,,Pay
20.275,1887197934,B1GC200,4568,EQS,USD,410584,410584,179839.25,1887197935,,,8870,,,Receive
43.435,1887197951,B1YWRN0,4568,EQS,USD,410585,410585,55857.41,1887197952,,,1286,,,Receive
41.965,1887198170,B2NC471,4568,EQS,USD,410586,410586,219183.2,1887198171,,,5223,,,Receive
16.385,1887197985,B1GZ005,4568,EQS,USD,410587,410587,7487.95,1887197986,,,457,,,Receive
38.225,1887197979,BYVFC94,4568,EQS,USD,410588,410588,91090.18,1887197980,,,2383,,,Receive
120.1051,1888974523,BF8D8T0,4568,EQS,USD,410589,410589,9248.09,1888974524,,,77,,,Receive
19.975,1888974487,BYZ62T3,4568,EQS,USD,410590,410590,49378.2,1888974488,,,2472,,,Pay
39.165,1888974628,BYNWB63,4568,EQS,USD,410591,410591,371832.51,1888974629,,,9494,,,Pay
20.485,1888974592,B3CTNK6,4568,EQS,USD,410592,410592,186126.71,1888974593,,,9086,,,Receive
14.535,1888974774,BZ03R68,4568,EQS,USD,410593,410593,9971.01,1888974775,,,686,,,Receive
207.315,1888974780,BL95MY0,4568,EQS,USD,410594,410594,197363.88,1888974781,,,952,,,Receive
85.835,1888974561,B7XJTN8,4568,EQS,USD,410595,410595,184030.24,1888974562,,,2144,,,Receive
4.7325,1888974818,BDDXM22,4568,EQS,USD,410596,410596,156115.71,1888974819,,,32988,,,Pay
1.9275,1888974765,BYQRGG0,4568,EQS,USD,410597,410597,119505,1888974766,,,62000,,,Receive
50.275,1888975164,B1YWQK0,4568,EQS,USD,410598,410598,89238.13,1888975165,,,1775,,,Pay
113.575,1888975217,B3KKGQ8,4568,EQS,USD,410599,410599,237826.05,1888975218,,,2094,,,Receive
53.225,1888975263,B125XQ6,4568,EQS,USD,410600,410600,218222.5,1888975264,,,4100,,,Pay
7.145,1888975322,B19FR01,4568,EQS,USD,410601,410601,66527.1,1888975323,,,9311,,,Receive
65.385,1888975275,BYQ7X81,4568,EQS,USD,410602,410602,355302.09,1888975276,,,5434,,,Pay
60.585,1887197895,BYQRFY1,4568,EQS,USD,410603,410603,173697.2,1887197896,,,2867,,,Pay
39.005,1887197973,B7ZR219,4568,EQS,USD,410604,410604,7722.99,1887197974,,,198,,,Pay
9.725,1887198064,B05BRL7,4568,EQS,USD,410605,410605,179387.35,1887198065,,,18446,,,Pay
17.225,1887198080,B1W8J67,4568,EQS,USD,410606,410606,99698.3,1887198081,,,5788,,,Receive
31.365,1888974526,B6YR5K3,4568,EQS,USD,410607,410607,124644.51,1888974527,,,3974,,,Pay
50.935,1888974613,BYQ7X92,4568,EQS,USD,410608,410608,221669.12,1888974614,,,4352,,,Receive
20.465,1888974800,B832462,4568,EQS,USD,410609,410609,186702.2,1888974801,,,9123,,,Pay
386.655,1888974821,BV8TD84,4568,EQS,USD,410610,410610,47171.91,1888974822,,,122,,,Pay
44.965,1888975195,B6ZC3N6,4568,EQS,USD,410611,410611,165471.2,1888975196,,,3680,,,Receive
17.305,1888975325,BW9JPS4,4568,EQS,USD,410612,410612,156367.98,1888975326,,,9036,,,Pay
45.235,1888974484,BYZFPN5,4568,EQS,USD,410613,410613,215997.13,1888974485,,,4775,,,Pay
4.9275,1888974595,BYY5DC1,4568,EQS,USD,410614,410614,94662.2,1888974596,,,19211,,,Receive
21.365,1888975316,B4M7GZ3,4568,EQS,USD,410615,410615,91570.39,1888975317,,,4286,,,Pay
81.375,1888975269,B5B2106,4568,EQS,USD,410616,410616,152334,1888975270,,,1872,,,Receive
56.725,1888975212,BZ05388,4568,EQS,USD,410617,410617,40388.2,1888975213,,,712,,,Pay
38.935,1888975233,B2QGDP1,4568,EQS,USD,410618,410618,218853.64,1888975234,,,5621,,,Pay
28.015,1888975155,B0WR848,4568,EQS,USD,410619,410619,77041.25,1888975156,,,2750,,,Receive
6.975,1888975301,BZ5ZS66,4568,EQS,USD,410620,410620,278958.15,1888975302,,,39994,,,Receive
25.355,1888975175,BGR7KH2,4568,EQS,USD,410621,410621,234609.82,1888975176,,,9253,,,Receive
1.2775,1888974558,BP8GHT2,4568,EQS,USD,410622,410622,286944.39,1888974559,,,224614,,,Receive
56.47,1888974706,B12F043,4568,EQS,USD,410623,410623,183527.5,1888974707,,,3250,,,Pay
0.018,1888974583,BBXQ788,4568,EQS,USD,410624,410624,80240.38,1888974584,,,4457799,,,Pay
11.215,1888974632,BD8DJ71,4568,EQS,USD,410625,410625,137361.32,1888974633,,,12248,,,Receive
7.945,1888974490,BRJ3GY4,4568,EQS,USD,410626,410626,64783.53,1888974491,,,8154,,,Receive
1.3925,1888974519,BYPLQF2,4568,EQS,USD,410627,410627,124211,1888974520,,,89200,,,Pay
0.2742,1888974541,B56VW27,4568,EQS,USD,410628,410628,297773.52,1888974542,,,1085972,,,Pay
14.5145,1888974516,BGHPRZ3,4568,EQS,SEK,410629,410629,2220515.3,1888974517,,,152986,,,Receive
3.2425,1887198146,BYX2LP2,4568,EQS,USD,410630,410630,178168.89,1887198147,,,54948,,,Pay
0.2287,1887198077,BNFXF87,4568,EQS,USD,410631,410631,333434.31,1887198078,,,1457955,,,Receive
10.185,1887197913,B05KPX2,4568,EQS,USD,410632,410632,117596.01,1887197914,,,11546,,,Pay
32.5175,1887198150,BDCT298,4568,EQS,SEK,410633,410633,1118374.38,1887198151,,,34393,,,Pay
0.0122,1887197898,BYX1QS7,4568,EQS,USD,410634,410634,202916.5,1887197899,,,16632500,,,Pay
1.0925,1887197877,BYM32J7,4568,EQS,USD,410635,410635,211945,1887197878,,,194000,,,Pay
2.7575,1888975307,B02P035,4568,EQS,USD,410636,410636,233011.51,1888975308,,,84501,,,Receive
0.016,1888975298,BD0QRY1,4568,EQS,USD,410637,410637,311660.61,1888975299,,,19478788,,,Pay
8.9831,1888974567,BYW10R5,4568,EQS,HKD,410638,410638,1221701.6,1888974568,,,136000,,,Receive
3.8899,1888974573,BYQ1V67,4568,EQS,HKD,410639,410639,2528435,1888974574,,,650000,,,Pay
0.5038,1888974717,B3B0623,4568,EQS,USD,410640,410640,126715.78,1888974718,,,251520,,,Receive
1.5025,1888974616,BGSGXT1,4568,EQS,USD,410641,410641,165653.63,1888974617,,,110252,,,Pay
19.7095,1888974646,B8DST54,4568,EQS,MXN,410642,410642,4390271.42,1888974647,,,222749,,,Receive
0.5937,1888974513,BVTW6D8,4568,EQS,USD,410643,410643,137355.46,1888974514,,,231355,,,Receive
1.8851,1887198009,BZ1NG59,4568,EQS,HKD,410644,410644,2463825.7,1887198010,,,1307000,,,Pay
0.0044,1887198087,B0D9PD1,4568,EQS,USD,410645,410645,1270133.33,1887198088,,,288666666,,,Receive
11.625,1887198071,BD3GKS3,4568,EQS,USD,410646,410646,221526,1887198072,,,19056,,,Receive
23.1361,1887198157,B85H8C9,4568,EQS,MXN,410647,410647,6984117.64,1887198158,,,301871,,,Pay
0.004,1887198167,B00MLS0,4568,EQS,USD,410648,410648,3182000,1887198168,,,795500000,,,Receive
25.6115,1887197886,B8F6ZF8,4568,EQS,MXN,410649,410649,1974236.87,1887197887,,,77084,,,Pay
38.725,1887198163,BD8QGG8,4568,EQS,USD,410650,410650,394491.58,1887198164,,,10187,,,Pay
3.471,1887197964,BYQ3YQ4,4568,EQS,HKD,410651,410651,2037477,1887197965,,,587000,,,Pay
0.549,1887197910,BD1R624,4568,EQS,SGD,410652,410652,213561,1887197911,,,389000,,,Pay
1.2677,1887197937,B1Z81H9,4568,EQS,SGD,410653,410653,190662.08,1887197938,,,150400,,,Pay
0.2346,1888974709,BDT7NG9,4568,EQS,SGD,410654,410654,413247.9,1888974710,,,1761500,,,Pay
2127.87,1888974809,6430203,4568,EQS,JPY,410655,410655,29577393,1888974810,,,13900,,,Pay
0.8241,1888975272,BQNHBR3,4568,EQS,USD,410656,410656,246353.98,1888975273,,,298937,,,Pay
36.1361,1888974532,B4RLNR1,4568,EQS,EUR,410657,410657,52939.39,1888974533,,,1465,,,Receive
6.216,1888975158,BYV2JX8,4568,EQS,HKD,410658,410658,2492616,1888975159,,,401000,,,Receive
1.1471,1888974824,B4YCDF5,4568,EQS,GBP,410659,410659,6884.89,1888974825,,,6002,,,Receive
2.9421,1888974771,B0MTC97,4568,EQS,GBP,410660,410660,81287.28,1888974772,,,27629,,,Pay
4.8051,1888975221,BYY93G7,4568,EQS,USD,410661,410661,125634.14,1888975222,,,26146,,,Receive
15.595,1888975192,B030BQ9,4568,EQS,USD,410662,410662,145438.97,1888975193,,,9326,,,Pay
29.3706,1888974806,B188ZL8,4568,EQS,EUR,410663,410663,337468.19,1888974807,,,11490,,,Pay
7.505,1888974812,B04RBX6,4568,EQS,USD,410664,410664,302931.82,1888974813,,,40364,,,Pay
0.0063,1888974691,2405409,4568,EQS,CAD,410665,410665,196039.05,1888974692,,,31117310,,,Pay
0.691,1888974749,6853952,4568,EQS,USD,410666,410666,47126.2,1888974750,,,68200,,,Pay
0.0609,1887198212,B1HJCG6,4568,EQS,EUR,410667,410667,280454.3,1887198213,,,4605161,,,Pay
120.575,1888975319,B06DT50,4568,EQS,USD,410668,410668,197381.27,1888975320,,,1637,,,Receive
83.955,1888974601,BCZWJ63,4568,EQS,USD,410669,410669,197881.94,1888974602,,,2357,,,Pay
152.765,1888975313,BQXZP64,4568,EQS,USD,410670,410670,119309.47,1888975314,,,781,,,Receive
90.145,1888974712,B0J2NS5,4568,EQS,USD,410671,410671,157122.73,1888974713,,,1743,,,Receive
12.065,1888975286,B7GGNT0,4568,EQS,USD,410672,410672,12221.84,1888975287,,,1013,,,Pay
68.955,1888974700,BP8XZL1,4568,EQS,USD,410673,410673,189005.66,1888974701,,,2741,,,Receive
166.465,1888974604,B44Z3T8,4568,EQS,USD,410674,410674,61425.58,1888974605,,,369,,,Pay
24.805,1887197976,B9BP4R1,4568,EQS,USD,410675,410675,152575.55,1887197977,,,6151,,,Pay
14.485,1888974797,BD4R405,4568,EQS,USD,410676,410676,147993.25,1888974798,,,10217,,,Receive
40.085,1888974694,BZBZ020,4568,EQS,USD,410677,410677,142341.83,1888974695,,,3551,,,Pay
24.895,1888974703,BYZG9R0,4568,EQS,USD,410678,410678,184596.42,1888974704,,,7415,,,Pay
49.605,1887197916,BGH1M56,4568,EQS,USD,410679,410679,31995.22,1887197917,,,645,,,Receive
12.265,1887198160,BHCB0P4,4568,EQS,USD,410680,410680,208885.22,1887198161,,,17031,,,Pay
50.785,1888974762,BQXTWQ5,4568,EQS,USD,410681,410681,101112.94,1888974763,,,1991,,,Receive
27.225,1888975310,BN7ZZ47,4568,EQS,USD,410682,410682,18050.17,1888975311,,,663,,,Pay
58.885,1888975292,B03L311,4568,EQS,USD,410683,410683,80378.02,1888975293,,,1365,,,Receive
6.635,1888974777,B02S6Z8,4568,EQS,USD,410684,410684,124333.27,1888974778,,,18739,,,Pay
45.555,1887197919,BYT5JK6,4568,EQS,USD,410685,410685,22731.95,1887197920,,,499,,,Pay
41.535,1888974607,BFMZ4V6,4568,EQS,USD,410686,410686,200364.84,1888974608,,,4824,,,Receive
13.475,1888975283,BBBSMJ2,4568,EQS,USD,410687,410687,123592.7,1888975284,,,9172,,,Pay
7.725,1888975128,B0G7SZ5,4568,EQS,USD,410688,410688,18161.47,1888975129,,,2351,,,Pay
20.145,1888975239,BMMV736,4568,EQS,USD,410689,410689,157896.51,1888975240,,,7838,,,Pay
25.905,1888975255,BYX3ZN1,4568,EQS,USD,410690,410690,79787.4,1888975256,,,3080,,,Receive
43.975,1888975133,B0539H3,4568,EQS,USD,410691,410691,59762.03,1888975134,,,1359,,,Pay
14.035,1888975143,BMMVY68,4568,EQS,USD,410692,410692,193781.25,1888975144,,,13807,,,Pay
10.025,1888975466,BYTC1B2,4568,EQS,USD,410693,410693,190595.3,1888975467,,,19012,,,Receive
30.475,1888975418,BDFN1P6,4568,EQS,USD,410694,410694,37057.6,1888975419,,,1216,,,Pay
104.055,1888975457,B1XGNW4,4568,EQS,USD,410695,410695,221533.1,1888975458,,,2129,,,Pay
17.015,1888975415,BZB13V8,4568,EQS,USD,410696,410696,289816.5,1888975416,,,17033,,,Receive
3.9975,1888975493,B8946X3,4568,EQS,USD,410697,410697,320979.26,1888975494,,,80295,,,Receive
23.665,1888975384,BWFY550,4568,EQS,USD,410698,410698,389170.92,1888975385,,,16445,,,Pay
34.515,1888975496,B081VQ7,4568,EQS,USD,410699,410699,201981.78,1888975497,,,5852,,,Pay
263.6361,1888975482,BF1K7P7,4568,EQS,SEK,410700,410700,1541743.91,1888975483,,,5848,,,Pay
18.795,1888975471,B9C60K8,4568,EQS,USD,410701,410701,205335.38,1888975472,,,10925,,,Pay
21.725,1888975821,BYWKLM4,4568,EQS,USD,410702,410702,222550.9,1888975822,,,10244,,,Pay
114.295,1888975803,B3F1XM1,4568,EQS,USD,410703,410703,34288.5,1888975804,,,300,,,Pay
23.745,1888975800,BYPZMR8,4568,EQS,USD,410704,410704,22130.34,1888975801,,,932,,,Receive
20.885,1888975806,BDF9YM2,4568,EQS,USD,410705,410705,247696.1,1888975807,,,11860,,,Receive
79.365,1888975770,BYT3MK1,4568,EQS,USD,410706,410706,351190.13,1888975771,,,4425,,,Receive
34.625,1888975767,BYMN2T7,4568,EQS,USD,410707,410707,92067.88,1888975768,,,2659,,,Receive
18.395,1888975817,BYY9FS3,4568,EQS,USD,410708,410708,212885.33,1888975818,,,11573,,,Pay
1.6675,1888975782,B4L5089,4568,EQS,USD,410709,410709,28085.7,1888975783,,,16843,,,Receive
19.205,1888975776,B1F76F9,4568,EQS,USD,410710,410710,35375.61,1888975777,,,1842,,,Pay
39.535,1888975779,BNBRDD4,4568,EQS,USD,410711,410711,69462.99,1888975780,,,1757,,,Receive
122.135,1888975791,B1VP7R6,4568,EQS,USD,410712,410712,100028.57,1888975792,,,819,,,Pay
0.2253,1888975915,BQ1FYB4,4568,EQS,USD,410713,410713,108313.2,1888975916,,,480751,,,Pay
4.5325,1888975894,BDFYV82,4568,EQS,USD,410714,410714,228841.39,1888975895,,,50489,,,Pay
7.785,1888975936,BN458W9,4568,EQS,USD,410715,410715,188256.87,1888975937,,,24182,,,Pay
37.735,1888975909,BDZDRC5,4568,EQS,USD,410716,410716,123091.57,1888975910,,,3262,,,Receive
201.435,1888975912,B8383P2,4568,EQS,USD,410717,410717,181895.8,1888975913,,,903,,,Receive
62.955,1888975945,B01ZP20,4568,EQS,USD,410718,410718,63836.37,1888975946,,,1014,,,Pay
,1888975921,RIG,4568,EQS,USD,410719,410719,158126.55,1888975922,,,21470,,,Pay
22.165,1888975906,BYY9947,4568,EQS,USD,410720,410720,95553.32,1888975907,,,4311,,,Pay
46.495,1888975918,B7LG306,4568,EQS,USD,410721,410721,208716.05,1888975919,,,4489,,,Pay
107.875,1888975933,B6T6J81,4568,EQS,USD,410722,410722,202049.88,1888975934,,,1873,,,Pay
82.775,1888975927,B1BHXZ2,4568,EQS,USD,410723,410723,215628.88,1888975928,,,2605,,,Receive
133.695,1888975944,BDR73G1,4568,EQS,USD,410724,410724,149872.1,1888975947,,,1121,,,Receive
2.9975,1888975851,BYXJC72,4568,EQS,USD,410725,410725,230594.68,1888975852,,,76929,,,Receive
26.7575,1888976019,B84KWJ4,4568,EQS,USD,410726,410726,120489.02,1888976020,,,4503,,,Receive
20.2025,1888975860,BJH08C3,4568,EQS,USD,410727,410727,8283.02,1888975861,,,410,,,Pay
21.0937,1888975854,BF0YK62,4568,EQS,CHF,410728,410728,157190.25,1888975855,,,7452,,,Pay
137.6525,1888975866,BD6P5Q0,4568,EQS,USD,410729,410729,9360.37,1888975867,,,68,,,Pay
5.0725,1888975872,B0338S9,4568,EQS,USD,410730,410730,15537.07,1888975873,,,3063,,,Pay
0.1957,1888975848,BF2W2T1,4568,EQS,USD,410731,410731,365204.58,1888975849,,,1866145,,,Receive
41.6625,1888975857,B7D65M0,4568,EQS,USD,410732,410732,121196.21,1888975858,,,2909,,,Pay
17.6725,1888976016,BGH3F75,4568,EQS,USD,410733,410733,15534.13,1888976017,,,879,,,Pay
75.2775,1888975863,BDV82B8,4568,EQS,USD,410734,410734,209948.95,1888975864,,,2789,,,Receive
19.4275,1888975875,BVFMFG8,4568,EQS,USD,410735,410735,112388.09,1888975876,,,5785,,,Receive
39.2375,1888976138,B1W7RQ0,4568,EQS,USD,410736,410736,110688.99,1888976139,,,2821,,,Receive
13.9325,1888976073,BMH0MV1,4568,EQS,USD,410737,410737,167134.27,1888976074,,,11996,,,Pay
10.5975,1888976104,BYQD7L0,4568,EQS,USD,410738,410738,32099.83,1888976105,,,3029,,,Receive
20.0775,1888976076,B0BV2V6,4568,EQS,USD,410739,410739,181560.83,1888976077,,,9043,,,Receive
1144.6675,1888976134,BYVY8G0,4568,EQS,USD,410740,410740,223210.16,1888976135,,,195,,,Receive
30.4525,1888976100,BS7T2S7,4568,EQS,USD,410741,410741,27498.61,1888976101,,,903,,,Pay
8.6675,1888976097,BYSGPK2,4568,EQS,USD,410742,410742,101505.09,1888976098,,,11711,,,Receive
1.2456,1888976094,B4Y7R14,4568,EQS,GBP,410743,410743,124295.93,1888976095,,,99788,,,Pay
9.5625,1888976118,BD2ZJQ2,4568,EQS,USD,410744,410744,364197.38,1888976119,,,38086,,,Pay
54.8075,1888976111,B4Y1MH7,4568,EQS,USD,410745,410745,122604.38,1888976112,,,2237,,,Receive
20.6675,1888976141,B847RJ0,4568,EQS,USD,410746,410746,25131.68,1888976142,,,1216,,,Receive
174.1575,1888976070,B23FN39,4568,EQS,USD,410747,410747,88820.32,1888976071,,,510,,,Receive
14.4725,1888976091,B796245,4568,EQS,USD,410748,410748,209822.3,1888976092,,,14498,,,Pay
81.7325,1888978912,B4QG225,4568,EQS,USD,410749,410749,180792.29,1888978913,,,2212,,,Pay
10.2975,1888978931,BCZNFT1,4568,EQS,USD,410750,410750,226040.42,1888978932,,,21951,,,Receive
13.1275,1888978901,B92CQF3,4568,EQS,USD,410751,410751,138271.96,1888978902,,,10533,,,Receive
11.3675,1888978895,BYY97H6,4568,EQS,USD,410752,410752,61532.28,1888978896,,,5413,,,Receive
30.6525,1888978934,BP3YM85,4568,EQS,USD,410753,410753,200927.14,1888978935,,,6555,,,Pay
37.6225,1888978925,B02TS99,4568,EQS,USD,410754,410754,163131.16,1888978926,,,4336,,,Pay
19.3275,1888978916,B00CR04,4568,EQS,USD,410755,410755,181407.92,1888978917,,,9386,,,Receive
89.4025,1888978950,BD4LHG4,4568,EQS,USD,410756,410756,156186.17,1888978951,,,1747,,,Pay
21.4025,1888978892,BD4R4G1,4568,EQS,USD,410757,410757,5436.23,1888978893,,,254,,,Pay
129.4125,1888978883,B85KFY9,4568,EQS,USD,410758,410758,180530.44,1888978884,,,1395,,,Pay
15.8025,1888978941,BYP97Q4,4568,EQS,USD,410759,410759,299773.42,1888978942,,,18970,,,Pay
26.1875,1888979045,B6VRG58,4568,EQS,USD,410760,410760,223510.31,1888979046,,,8535,,,Receive
15.7175,1888979066,BYXB1Y8,4568,EQS,USD,410761,410761,103138.24,1888979067,,,6562,,,Receive
40.475,1888979069,BYVYD43,4568,EQS,USD,410762,410762,274501.45,1888979070,,,6782,,,Receive
25.005,1888979089,B8FW545,4568,EQS,USD,410763,410763,78940.79,1888979090,,,3157,,,Receive
448.695,1888979099,B11FJK3,4568,EQS,USD,410764,410764,128775.47,1888979100,,,287,,,Receive
33.775,1888979060,BRHZ1X6,4568,EQS,USD,410765,410765,178028.02,1888979061,,,5271,,,Receive
145.855,1888979054,B0J7D57,4568,EQS,USD,410766,410766,193695.44,1888979055,,,1328,,,Pay
15.495,1888979057,B11FJD6,4568,EQS,USD,410767,410767,100733,1888979058,,,6501,,,Receive
38.395,1888979080,BD8QGD5,4568,EQS,USD,410768,410768,210942.13,1888979081,,,5494,,,Receive
9.975,1888979072,B1XRCZ3,4568,EQS,USD,410769,410769,31959.9,1888979073,,,3204,,,Receive
27.215,1888979102,B4NPMX6,4568,EQS,USD,410770,410770,189089.82,1888979103,,,6948,,,Pay
72.755,1888979095,B783TY6,4568,EQS,USD,410771,410771,44453.31,1888979096,,,611,,,Receive
37.455,1888979076,BYQBFT8,4568,EQS,USD,410772,410772,238101.44,1888979077,,,6357,,,Receive
61.595,1888979092,B00GJC2,4568,EQS,USD,410773,410773,125776.99,1888979093,,,2042,,,Pay
8.215,1888979086,BNBPMX1,4568,EQS,USD,410774,410774,22607.68,1888979087,,,2752,,,Receive
12.785,1888979010,B2Q8249,4568,EQS,USD,410775,410775,14702.75,1888979011,,,1150,,,Pay
124.575,1888978980,BZ09BD1,4568,EQS,USD,410776,410776,210282.6,1888978981,,,1688,,,Receive
33.055,1888979013,B76LYJ2,4568,EQS,USD,410777,410777,181438.89,1888979014,,,5489,,,Pay
49.675,1888978986,BKY7X18,4568,EQS,USD,410778,410778,145647.1,1888978987,,,2932,,,Pay
13.695,1888978968,B292PW7,4568,EQS,USD,410779,410779,123679.55,1888978969,,,9031,,,Receive
9.975,1888978992,BH2R795,4568,EQS,USD,410780,410780,174512.63,1888978993,,,17495,,,Receive
10.025,1888979016,BNG83R6,4568,EQS,USD,410781,410781,212730.5,1888979017,,,21220,,,Pay
42.085,1888978971,B00V7H8,4568,EQS,USD,410782,410782,18517.4,1888978972,,,440,,,Pay
29.435,1888979004,B0C8KV2,4568,EQS,USD,410783,410783,148381.83,1888979005,,,5041,,,Receive
78.625,1888978974,BDTZZG7,4568,EQS,USD,410784,410784,183353.5,1888978975,,,2332,,,Receive
23.195,1888978965,B2QH310,4568,EQS,USD,410785,410785,65618.65,1888978966,,,2829,,,Pay
89.245,1888978977,B5424Q0,4568,EQS,USD,410786,410786,115036.81,1888978978,,,1289,,,Pay
74.235,1888979161,BWFRFC6,4568,EQS,USD,410787,410787,177050.48,1888979162,,,2385,,,Receive
106.895,1888979237,B6T0518,4568,EQS,USD,410788,410788,160342.5,1888979238,,,1500,,,Receive
16.505,1888979197,B7ZKH46,4568,EQS,USD,410789,410789,200288.17,1888979198,,,12135,,,Receive
50.185,1888979164,B6WG4R2,4568,EQS,USD,410790,410790,19421.6,1888979165,,,387,,,Receive
13.525,1888979194,BZ19HB0,4568,EQS,USD,410791,410791,176934.05,1888979195,,,13082,,,Receive
43.065,1888979152,B1T84Z4,4568,EQS,USD,410792,410792,66104.77,1888979153,,,1535,,,Receive
29.615,1888979149,B0650P3,4568,EQS,USD,410793,410793,71786.76,1888979150,,,2424,,,Pay
4.3975,1888979155,B1TGYD6,4568,EQS,USD,410794,410794,204787.18,1888979156,,,46569,,,Receive
64.415,1888979146,BYNZGK1,4568,EQS,USD,410795,410795,89408.02,1888979147,,,1388,,,Receive
16.685,1888979231,BJTD9L6,4568,EQS,USD,410796,410796,176043.44,1888979232,,,10551,,,Pay
7.275,1888979529,BZ8FLW0,4568,EQS,USD,410797,410797,45614.25,1888979530,,,6270,,,Receive
48.165,1888979616,B8BR3H3,4568,EQS,USD,410798,410798,186302.22,1888979617,,,3868,,,Receive
13.615,1888979633,BYMC5T5,4568,EQS,USD,410799,410799,111588.54,1888979634,,,8196,,,Pay
7.175,1888979630,BN7Q7R7,4568,EQS,USD,410800,410800,295904.17,1888979631,,,41241,,,Receive
40.165,1888979624,BKWBZZ0,4568,EQS,USD,410801,410801,198013.45,1888979625,,,4930,,,Receive
27.285,1888979526,B3D7K31,4568,EQS,USD,410802,410802,91677.6,1888979527,,,3360,,,Pay
72.105,1888979552,BYT5JW8,4568,EQS,USD,410803,410803,70518.69,1888979553,,,978,,,Pay
59.085,1888979523,BZBY209,4568,EQS,USD,410804,410804,48036.11,1888979524,,,813,,,Pay
2.1575,1888979564,BFG3KF2,4568,EQS,USD,410805,410805,188172.84,1888979565,,,87218,,,Receive
0.7361,1888979705,LLDTF,4568,EQS,USD,410806,410806,99440.49,1888979706,,,135091,,,Pay
19.485,1888979732,BLLHH27,4568,EQS,USD,410807,410807,94015.13,1888979733,,,4825,,,Receive
20.775,1888979708,B6XHXY4,4568,EQS,USD,410808,410808,64173.97,1888979709,,,3089,,,Pay
71.765,1888979687,B03PGL4,4568,EQS,USD,410809,410809,107647.5,1888979688,,,1500,,,Receive
34.875,1888979726,BQRX1X3,4568,EQS,USD,410810,410810,107101.13,1888979727,,,3071,,,Receive
44.885,1888979717,BT8RWQ5,4568,EQS,USD,410811,410811,80074.84,1888979718,,,1784,,,Pay
4.8025,1888979738,BFRBX78,4568,EQS,USD,410812,410812,77104.14,1888979739,,,16055,,,Pay
139.075,1888979721,BZ0V201,4568,EQS,USD,410813,410813,315561.17,1888979722,,,2269,,,Receive
3.9275,1888979696,BYP80F1,4568,EQS,USD,410814,410814,309369.17,1888979697,,,78770,,,Receive
11.595,1888979684,BYTJZG6,4568,EQS,USD,410815,410815,24071.22,1888979685,,,2076,,,Pay
29.115,1888979690,BL95N25,4568,EQS,USD,410816,410816,168575.85,1888979691,,,5790,,,Pay
58.705,1888979699,B03W0P7,4568,EQS,USD,410817,410817,161614.86,1888979700,,,2753,,,Pay
71.445,1888979729,BKM4KV0,4568,EQS,USD,410818,410818,158465.01,1888979730,,,2218,,,Receive
13.805,1888979767,BVG7F06,4568,EQS,USD,410819,410819,6778.26,1888979768,,,491,,,Pay
50.035,1888979770,B02H882,4568,EQS,USD,410820,410820,223406.27,1888979771,,,4465,,,Receive
277.035,1888979814,B01R258,4568,EQS,USD,410821,410821,66211.37,1888979815,,,239,,,Receive
68.245,1888979761,B1P5YY8,4568,EQS,USD,410822,410822,92744.96,1888979762,,,1359,,,Receive
87.295,1888979794,BMH0MR7,4568,EQS,USD,410823,410823,179653.11,1888979795,,,2058,,,Pay
140.685,1888979788,BFH3N85,4568,EQS,USD,410824,410824,15897.41,1888979789,,,113,,,Receive
25.025,1888979807,BYRLCB8,4568,EQS,USD,410825,410825,381280.9,1888979808,,,15236,,,Receive
13.665,1888979764,BP46HS5,4568,EQS,USD,410826,410826,123176.31,1888979765,,,9014,,,Receive
61.345,1888979804,2012865,4568,EQS,USD,410827,410827,294333.31,1888979805,,,4798,,,Receive
55.985,1888979800,2198163,4568,EQS,USD,410828,410828,166835.3,1888979801,,,2980,,,Pay
53.395,1888979791,BKWQ2N2,4568,EQS,USD,410829,410829,129429.48,1888979792,,,2424,,,Pay
22.785,1888979785,B7WD7D7,4568,EQS,USD,410830,410830,43200.36,1888979786,,,1896,,,Receive
50.815,1888979597,B4Z73G0,4568,EQS,USD,410831,410831,47562.84,1888979598,,,936,,,Pay
48.495,1888979591,BYXPCC5,4568,EQS,USD,410832,410832,127444.86,1888979592,,,2628,,,Receive
19.665,1888979601,B0650B9,4568,EQS,USD,410833,410833,97164.76,1888979602,,,4941,,,Receive
25.745,1888979627,BYW8TV3,4568,EQS,USD,410834,410834,31820.82,1888979628,,,1236,,,Pay
377.315,1888979620,BZ6VT82,4568,EQS,USD,410835,410835,329773.31,1888979621,,,874,,,Receive
39.625,1888979607,BZ6VMW7,4568,EQS,USD,410836,410836,352266.25,1888979608,,,8890,,,Pay
173.975,1888979647,B1Q76J2,4568,EQS,USD,410837,410837,175366.8,1888979648,,,1008,,,Pay
22.015,1888979636,B1HHB18,4568,EQS,USD,410838,410838,141248.24,1888979637,,,6416,,,Receive
46.405,1888980153,B23PS12,4568,EQS,USD,410839,410839,137590.83,1888980154,,,2965,,,Receive
42.585,1888980156,BYZGBP2,4568,EQS,USD,410840,410840,180006.8,1888980157,,,4227,,,Pay
52.975,1888980150,BSS6HY8,4568,EQS,USD,410841,410841,172062.8,1888980151,,,3248,,,Pay
16.415,1888980219,BYP5773,4568,EQS,USD,410842,410842,397883.19,1888980220,,,24239,,,Pay
32.665,1888980194,BH2QZH6,4568,EQS,USD,410843,410843,99562.92,1888980195,,,3048,,,Pay
48.845,1888980178,BYSS4X4,4568,EQS,USD,410844,410844,386022.03,1888980179,,,7903,,,Pay
27.135,1888980168,BYZG9Q9,4568,EQS,USD,410845,410845,126123.48,1888980169,,,4648,,,Receive
49.055,1888980185,BQXTNW8,4568,EQS,USD,410846,410846,78095.56,1888980186,,,1592,,,Pay
50.285,1888974589,BYP0CD9,4568,EQS,USD,410847,410847,132702.11,1888974590,,,2639,,,Receive
45.2136,1888976082,BDRJFQ1,4568,EQS,EUR,410848,410848,278018.43,1888976083,,,6149,,,Receive
0.0149,1888976085,BDRJFQ1,4568,EQS,USD,410849,410849,465121.62,1888976086,,,31216216,,,Receive
33.5099,1888976121,BYXS6C2,4568,EQS,CHF,410850,410850,258763.45,1888976122,,,7722,,,Pay
96.829,1888976010,B0SDJB4,4568,EQS,DKK,410851,410851,389930.38,1888976011,,,4027,,,Receive
1.2525,1888975842,B3FCBD1,4568,EQS,USD,410852,410852,36024.4,1888975843,,,28762,,,Pay
5.8375,1888976006,B07J3F5,4568,EQS,USD,410853,410853,332603.24,1888976007,,,56977,,,Receive
1.7405,1888976001,B0CKS92,4568,EQS,AUD,410854,410854,482123.72,1888976002,,,277003,,,Receive
0.0043,1888975998,BQQ3SN3,4568,EQS,USD,410855,410855,1693856,1888975999,,,393920000,,,Receive
2.2325,1888975897,BYQQ3Q6,4568,EQS,USD,410856,410856,104869.46,1888975898,,,46974,,,Pay
75.37,1888975924,B0CSZP1,4568,EQS,USD,410857,410857,314820.49,1888975925,,,4177,,,Pay
2.0225,1888975940,BYXT6Y7,4568,EQS,USD,410858,410858,12913.66,1888975941,,,6385,,,Pay
0.4763,1888975900,B8B3M41,4568,EQS,USD,410859,410859,69361.19,1888975901,,,145625,,,Pay
3.8299,1888975930,BDJ0KP6,4568,EQS,HKD,410860,410860,1769413.8,1888975931,,,462000,,,Receive
0.8032,1888975891,6800828,4568,EQS,USD,410861,410861,379913.6,1888975892,,,473000,,,Receive
18.025,1888975903,BDG1ML2,4568,EQS,USD,410862,410862,5623.8,1888975905,,,312,,,Receive
0.0298,1888975785,BF0YBR0,4568,EQS,USD,410863,410863,353061.22,1888975786,,,11847692,,,Receive
0.4937,1888975809,BYTQ6T7,4568,EQS,HKD,410864,410864,2299654.6,1888975810,,,4658000,,,Pay
3.0463,1888975788,6358963,4568,EQS,AUD,410865,410865,34846.63,1888975789,,,11439,,,Pay
0.1201,1888975825,6200097,4568,EQS,AUD,410866,410866,419501.49,1888975826,,,3492935,,,Receive
1.4706,1888975764,BYZ1SG7,4568,EQS,USD,410867,410867,63503.45,1888975765,,,43182,,,Receive
224.224,1888975813,BF33RX2,4568,EQS,SEK,410868,410868,1528086.56,1888975814,,,6815,,,Receive
25.975,1888975380,BD72HB9,4568,EQS,USD,410869,410869,158161.77,1888975381,,,6089,,,Pay
0.4505,1888975485,B01JLR9,4568,EQS,GBP,410870,410870,271287.05,1888975486,,,602191,,,Receive
1.2525,1888975490,BF5DVW7,4568,EQS,USD,410871,410871,301177.4,1888975491,,,240461,,,Pay
27.645,1888975463,BD72H53,4568,EQS,USD,410872,410872,192630.36,1888975464,,,6968,,,Receive
13.9197,1888975387,BN7Y124,4568,EQS,USD,410873,410873,319888.63,1888975388,,,22981,,,Receive
2.0925,1888975460,BYQNYR5,4568,EQS,USD,410874,410874,182367.65,1888975461,,,87153,,,Pay
0.0844,1888975478,BFZ1M28,4568,EQS,USD,410875,410875,41319.71,1888975479,,,489570,,,Pay
18.7788,1888975411,4031459,4568,EQS,EUR,410876,410876,46646.54,1888975412,,,2484,,,Receive
5.075,1888975421,BYRD7L9,4568,EQS,USD,410877,410877,187460.35,1888975422,,,36938,,,Pay
1.1275,1888975148,BG0T2D5,4568,EQS,USD,410878,410878,245734.11,1888975149,,,217946,,,Receive
2.0675,1888975119,BYW6GV6,4568,EQS,USD,410879,410879,195970.05,1888975120,,,94786,,,Receive
0.0039,1888975125,BP4WVH0,4568,EQS,USD,410880,410880,14581320,1888975126,,,3738800000,,,Receive
0.2336,1888975116,BYVBXW2,4568,EQS,USD,410881,410881,152413.96,1888975117,,,652457,,,Receive
0.0018,1888975139,BYM32V9,4568,EQS,USD,410882,410882,100714.91,1888975140,,,55952728,,,Pay
0.2408,1888975295,B1HJHB6,4568,EQS,EUR,410883,410883,120975.03,1888975296,,,502388,,,Pay
9.975,1888975136,B02P6L5,4568,EQS,USD,410884,410884,3471.3,1888975137,,,348,,,Pay
7.945,1888975249,BF257T5,4568,EQS,USD,410885,410885,341714.45,1888975250,,,43010,,,Receive
0.6938,1888975252,BGHHQS5,4568,EQS,USD,410886,410886,365038.71,1888975253,,,526144,,,Receive
45.5455,1888975243,BYQCQ32,4568,EQS,CHF,410887,410887,372835.46,1888975244,,,8186,,,Receive
1160.84,1888975122,B02PY55,4568,EQS,JPY,410888,410888,348252,1888975123,,,300,,,Pay
22.105,1888980162,BD1KGN4,4568,EQS,USD,410889,410889,306507.93,1888980163,,,13866,,,Pay
0.004,1888980181,BYYTH54,4568,EQS,USD,410890,410890,4832400,1888980182,,,1208100000,,,Receive
0.8963,1888979658,BYXS6Q6,4568,EQS,USD,410891,410891,258672.18,1888979659,,,288600,,,Pay
10.995,1888979652,BD8S051,4568,EQS,USD,410892,410892,244286.91,1888979653,,,22218,,,Pay
35.435,1888979581,B247H10,4568,EQS,USD,410893,410893,190711.17,1888979582,,,5382,,,Receive
0.9662,1888979904,BYT5NP9,4568,EQS,USD,410894,410894,66558.62,1888979905,,,68887,,,Pay
11.665,1888979676,BQRX1W2,4568,EQS,USD,410895,410895,327483.21,1888979677,,,28074,,,Pay
13.865,1888979572,BZBY005,4568,EQS,USD,410896,410896,281223.79,1888979573,,,20283,,,Pay
1.5825,1888979604,BQ1KSF1,4568,EQS,USD,410897,410897,303642.19,1888979605,,,191875,,,Pay
6.4245,1888979773,B02G9J7,4568,EQS,USD,410898,410898,95513.04,1888979774,,,14867,,,Pay
53.005,1888979797,B15CVJ3,4568,EQS,USD,410899,410899,62757.92,1888979798,,,1184,,,Receive
173.325,1888979779,B01DRL7,4568,EQS,USD,410900,410900,140739.9,1888979780,,,812,,,Pay
29.875,1888979693,BYXZGT0,4568,EQS,USD,410901,410901,137454.88,1888979694,,,4601,,,Receive
37.625,1888979711,BD9PLW5,4568,EQS,USD,410902,410902,295619.63,1888979712,,,7857,,,Pay
0.0448,1888979702,BKWQKL6,4568,EQS,USD,410903,410903,199698.69,1888979703,,,4457560,,,Receive
0.0578,1888979588,BJMYWM8,4568,EQS,USD,410904,410904,75482.46,1888979589,,,1305925,,,Receive
0.0039,1888979532,B63FT84,4568,EQS,USD,410905,410905,6142500,1888979533,,,1575000000,,,Receive
8.625,1888979610,BYZR4X4,4568,EQS,USD,410906,410906,166755.75,1888979611,,,19334,,,Receive
141.515,1888979673,BZ1GMK5,4568,EQS,USD,410907,410907,21368.76,1888979674,,,151,,,Pay
0.0603,1888979187,BW9PQ90,4568,EQS,USD,410908,410908,315406.69,1888979188,,,5230625,,,Pay
11.725,1888979191,B02PS08,4568,EQS,USD,410909,410909,286512.1,1888979192,,,24436,,,Pay
98.4984,1888979167,B92M6T7,4568,EQS,CHF,410910,410910,301602.1,1888979168,,,3062,,,Receive
3.0775,1888979181,B97LZ58,4568,EQS,USD,410911,410911,93005.13,1888979182,,,30221,,,Receive
1.6225,1888979234,BYZLX40,4568,EQS,USD,410912,410912,345144.69,1888979235,,,212724,,,Pay
61.105,1888979158,BJFSR88,4568,EQS,USD,410913,410913,36051.95,1888979159,,,590,,,Receive
8.008,1888979240,6639680,4568,EQS,JPY,410914,410914,7247240,1888979241,,,905000,,,Receive
7.145,1888978995,BZ4SM86,4568,EQS,USD,410915,410915,345603.65,1888978996,,,48370,,,Receive
0.1338,1888978998,BFMNTV5,4568,EQS,USD,410916,410916,352099.78,1888978999,,,2631538,,,Receive
38.015,1888978983,BD8QGF7,4568,EQS,USD,410917,410917,304348.09,1888978984,,,8006,,,Receive
0.2119,1888978989,BF6Q749,4568,EQS,USD,410918,410918,322575.37,1888978990,,,1522300,,,Pay
82.515,1888979007,B1HMMS7,4568,EQS,USD,410919,410919,50086.61,1888979008,,,607,,,Pay
4.4025,1888979048,BDCPPG4,4568,EQS,USD,410920,410920,293580.71,1888979049,,,66685,,,Pay
5.2425,1888978908,BFBFTS9,4568,EQS,USD,410921,410921,105730.74,1888978909,,,20168,,,Pay
0.3221,1888978928,6141583,4568,EQS,USD,410922,410922,317010.82,1888978929,,,984200,,,Receive
7.1875,1888978886,BD2C5N2,4568,EQS,CAD,410923,410923,225644.38,1888978887,,,31394,,,Receive
37.0111,1888978937,BZ04921,4568,EQS,SEK,410924,410924,3822913.53,1888978938,,,103291,,,Receive
1.3225,1888978898,BYLY8K4,4568,EQS,USD,410925,410925,248093.07,1888978899,,,187594,,,Pay
0.9803,1888976107,6255677,4568,EQS,AUD,410926,410926,251527.33,1888976108,,,256582,,,Receive
2.2787,1888976114,B62G9D3,4568,EQS,GBP,410927,410927,2543.03,1888976115,,,1116,,,Receive
36.1962,1888975949,B01FXJ3,4568,EQS,EUR,410928,410928,320155.39,1888975950,,,8845,,,Receive
64.935,1888975246,B29L881,4568,EQS,EUR,410929,410929,143311.55,1888975247,,,2207,,,Pay
0.1153,1888980171,BD08DZ0,4568,EQS,HKD,410930,410930,747605.2,1888980172,,,6484000,,,Receive
0.1882,1888980159,B635TG2,4568,EQS,GBP,410931,410931,18629.92,1888980160,,,98990,,,Receive
0.4358,1888979782,B882241,4568,EQS,SGD,410932,410932,317436.72,1888979783,,,728400,,,Receive
2.1521,1888979810,BYVGFL0,4568,EQS,GBP,410933,410933,121279.44,1888979811,,,56354,,,Receive
5.5544,1888979642,B3NQ9K8,4568,EQS,EUR,410934,410934,12475.18,1888979643,,,2246,,,Pay
0.3957,1888979578,B06JWF9,4568,EQS,SGD,410935,410935,50491.32,1888979579,,,127600,,,Receive
299.7,1888979776,7540617,4568,EQS,EUR,410936,410936,294904.8,1888979777,,,984,,,Pay
212.7125,1888979178,BVZHXJ2,4568,EQS,DKK,410937,410937,1292653.86,1888979179,,,6077,,,Receive
85.7142,1888979541,BYZGMM6,4568,EQS,DKK,410938,410938,218999.78,1888979542,,,2555,,,Pay
25.6807,1888979575,B1YGZL6,4568,EQS,EUR,410939,410939,37365.42,1888979576,,,1455,,,Receive
60.2897,1888979548,BF41XY8,4568,EQS,CHF,410940,410940,153979.89,1888979549,,,2554,,,Pay
450.45,1888979555,B06KTL7,4568,EQS,CHF,410941,410941,214414.2,1888979556,,,476,,,Receive
54.945,1888979735,BZ30KS9,4568,EQS,SEK,410942,410942,1632800.56,1888979736,,,29717,,,Pay
0.6937,1888979818,B1VNRV4,4568,EQS,SGD,410943,410943,293643.21,1888979819,,,423300,,,Pay
91.2494,1888979824,6102267,4568,EQS,AUD,410944,410944,495575.49,1888979825,,,5431,,,Receive
38.99,,BYSZB89,6852,EQS,USD,405763,405763,3899,,,,100,,,Pay
36.949,,BYSZB89,6852,EQS,USD,405764,405764,3588,,,,100,,,Pay
36.949,,BYSZB89,6852,EQS,USD,405766,405766,3588,,,,100,,,Pay
36.949,,BYSZB89,6852,EQS,USD,405767,405767,3588,,,,100,,,Pay
36.949,,BYSZB89,6852,EQS,USD,405768,405768,3588,,,,100,,,Pay
36.949,,BYSZB89,6852,EQS,USD,405769,405769,3588,,,,100,,,Pay
36.949,,BYSZB89,6852,EQS,USD,405770,405770,3588,,,,100,,,Pay
36.949,,BYSZB89,6852,EQS,USD,405771,405771,3588,,,,100,,,Pay
36.949,,BYSZB89,6852,EQS,USD,405772,405772,3588,,,,100,,,Pay
36.949,,BYSZB89,6852,EQS,USD,405773,405773,3588,,,,100,,,Pay
36.949,,BYSZB89,6852,EQS,USD,405774,405774,3588,,,,100,,,Pay
36.949,,BYSZB89,6852,EQS,USD,405775,405775,3588,,,,100,,,Pay
36.949,,BYSZB89,6852,EQS,USD,405776,405776,3588,,,,100,,,Pay
36.949,,BYSZB89,6852,EQS,USD,405777,405777,3588,,,,100,,,Pay
36.949,,BYSZB89,6852,EQS,USD,405778,405778,3588,,,,100,,,Pay
36.949,,BYSZB89,6852,EQS,USD,405779,405779,3588,,,,100,,,Pay
36.949,,BYSZB89,6852,EQS,USD,405780,405780,3588,,,,100,,,Pay
36.949,,BYSZB89,6852,EQS,USD,405781,405781,3588,,,,100,,,Pay
36.949,,BYSZB89,6852,EQS,USD,405782,405782,3588,,,,100,,,Pay
36.949,,BYSZB89,6852,EQS,USD,405783,405783,3588,,,,100,,,Pay
36.949,,BYSZB89,6852,EQS,USD,405784,405784,3588,,,,100,,,Pay
36.949,,BYSZB89,6852,EQS,USD,405785,405785,3588,,,,100,,,Pay
36.949,,BYSZB89,6852,EQS,USD,405786,405786,3588,,,,100,,,Pay
36.949,,BYSZB89,6852,EQS,USD,405787,405787,3588,,,,100,,,Pay
36.949,,BYSZB89,6852,EQS,USD,405788,405788,3588,,,,100,,,Pay
36.949,,BYSZB89,6852,EQS,USD,405789,405789,3588,,,,100,,,Pay
36.949,,BYSZB89,6852,EQS,USD,405790,405790,3588,,,,100,,,Pay
36.949,,BYSZB89,6852,EQS,USD,405791,405791,3588,,,,100,,,Pay
36.949,,BYSZB89,6852,EQS,USD,405792,405792,3588,,,,100,,,Pay
36.949,,BYSZB89,6852,EQS,USD,405793,405793,3588,,,,100,,,Pay
36.949,,BYSZB89,6852,EQS,USD,405794,405794,3588,,,,100,,,Pay
36.949,,BYSZB89,6852,EQS,USD,405795,405795,3588,,,,100,,,Pay
36.949,,BYSZB89,6852,EQS,USD,405796,405796,3588,,,,100,,,Pay
36.949,,BYSZB89,6852,EQS,USD,405797,405797,3588,,,,100,,,Pay
36.949,,BYSZB89,6852,EQS,USD,405798,405798,3588,,,,100,,,Pay
36.949,,BYSZB89,6852,EQS,USD,405799,405799,3588,,,,100,,,Pay
36.949,,BYSZB89,6852,EQS,USD,405800,405800,3588,,,,100,,,Pay
36.949,,BYSZB89,6852,EQS,USD,405801,405801,3588,,,,100,,,Pay
36.949,,BYSZB89,6852,EQS,USD,405802,405802,3588,,,,100,,,Pay
36.949,,BYSZB89,6852,EQS,USD,405803,405803,3588,,,,100,,,Pay
36.949,,BYSZB89,6852,EQS,USD,405804,405804,3588,,,,100,,,Pay
36.949,,BYSZB89,6852,EQS,USD,405805,405805,3588,,,,100,,,Pay
36.949,,BYSZB89,6852,EQS,USD,405806,405806,3588,,,,100,,,Pay
36.949,,BYSZB89,6852,EQS,USD,405807,405807,3588,,,,100,,,Pay
36.949,,BYSZB89,6852,EQS,USD,405808,405808,3588,,,,100,,,Pay
36.949,,BYSZB89,6852,EQS,USD,405810,405810,3588,,,,100,,,Pay
36.949,,BYSZB89,6852,EQS,USD,405811,405811,3588,,,,100,,,Pay
36.949,,BYSZB89,6852,EQS,USD,405812,405812,3588,,,,100,,,Pay
36.949,,BYSZB89,6852,EQS,USD,405813,405813,3588,,,,100,,,Pay
36.949,,BYSZB89,6852,EQS,USD,405814,405814,3588,,,,100,,,Pay
36.949,,BYSZB89,6852,EQS,USD,405815,405815,3588,,,,100,,,Pay
36.949,,BYSZB89,6852,EQS,USD,405816,405816,3588,,,,100,,,Pay
36.949,,BYSZB89,6852,EQS,USD,405817,405817,3588,,,,100,,,Pay
36.949,,BYSZB89,6852,EQS,USD,405818,405818,3588,,,,100,,,Pay
36.949,,BYSZB89,6852,EQS,USD,405819,405819,3588,,,,100,,,Pay
36.949,,BYSZB89,6852,EQS,USD,405820,405820,3588,,,,100,,,Pay
36.949,,BYSZB89,6852,EQS,USD,405821,405821,3588,,,,100,,,Pay
36.949,,BYSZB89,6852,EQS,USD,405822,405822,3588,,,,100,,,Pay
36.949,,BYSZB89,6852,EQS,USD,405823,405823,3588,,,,100,,,Pay
36.949,,BYSZB89,6852,EQS,USD,405824,405824,3588,,,,100,,,Pay
36.949,,BYSZB89,6852,EQS,USD,405825,405825,3588,,,,100,,,Pay
36.949,,BYSZB89,6852,EQS,USD,405826,405826,3588,,,,100,,,Pay
36.949,,BYSZB89,6852,EQS,USD,405827,405827,3588,,,,100,,,Pay
36.949,,BYSZB89,6852,EQS,USD,405828,405828,3588,,,,100,,,Pay
36.949,,BYSZB89,6852,EQS,USD,405829,405829,3588,,,,100,,,Pay
36.949,,BYSZB89,6852,EQS,USD,405830,405830,3588,,,,100,,,Pay
36.949,,BYSZB89,6852,EQS,USD,405831,405831,3588,,,,100,,,Pay
36.949,,BYSZB89,6852,EQS,USD,405832,405832,3588,,,,100,,,Pay
36.949,,BYSZB89,6852,EQS,USD,405833,405833,3588,,,,100,,,Pay
36.949,,BYSZB89,6852,EQS,USD,405834,405834,3588,,,,100,,,Pay
36.949,,BYSZB89,6852,EQS,USD,405835,405835,3588,,,,100,,,Pay
36.949,,BYSZB89,6852,EQS,USD,405836,405836,3588,,,,100,,,Pay
36.949,,BYSZB89,6852,EQS,USD,405837,405837,3588,,,,100,,,Pay
36.949,,BYSZB89,6852,EQS,USD,405838,405838,3588,,,,100,,,Pay
36.949,,BYSZB89,6852,EQS,USD,405839,405839,3588,,,,100,,,Pay
36.949,,BYSZB89,6852,EQS,USD,405840,405840,3588,,,,100,,,Pay
36.949,,BYSZB89,6852,EQS,USD,405841,405841,3588,,,,100,,,Pay
36.949,,BYSZB89,6852,EQS,USD,405842,405842,3588,,,,100,,,Pay
36.949,,BYSZB89,6852,EQS,USD,405843,405843,3588,,,,100,,,Pay
36.949,,BYSZB89,6852,EQS,USD,405844,405844,3588,,,,100,,,Pay
36.949,,BYSZB89,6852,EQS,USD,405845,405845,3588,,,,100,,,Pay
36.949,,BYSZB89,6852,EQS,USD,405846,405846,3588,,,,100,,,Pay
36.949,,BYSZB89,6852,EQS,USD,405847,405847,3588,,,,100,,,Pay
36.949,,BYSZB89,6852,EQS,USD,405848,405848,3588,,,,100,,,Pay
36.949,,BYSZB89,6852,EQS,USD,405849,405849,3588,,,,100,,,Pay
36.949,,BYSZB89,6852,EQS,USD,405850,405850,3588,,,,100,,,Pay
36.949,,BYSZB89,6852,EQS,USD,405851,405851,3588,,,,100,,,Pay
36.949,,BYSZB89,6852,EQS,USD,405852,405852,3588,,,,100,,,Pay
36.949,,BYSZB89,6852,EQS,USD,405853,405853,3588,,,,100,,,Pay
36.949,,BYSZB89,6852,EQS,USD,405854,405854,3588,,,,100,,,Pay
36.949,,BYSZB89,6852,EQS,USD,405855,405855,3588,,,,100,,,Pay
36.949,,BYSZB89,6852,EQS,USD,405856,405856,3588,,,,100,,,Pay
36.949,,BYSZB89,6852,EQS,USD,405857,405857,3588,,,,100,,,Pay
36.949,,BYSZB89,6852,EQS,USD,405858,405858,3588,,,,100,,,Pay
36.949,,BYSZB89,6852,EQS,USD,405859,405859,3588,,,,100,,,Pay
36.949,,BYSZB89,6852,EQS,USD,405860,405860,3588,,,,100,,,Pay
36.949,,BYSZB89,6852,EQS,USD,405861,405861,3588,,,,100,,,Pay
36.949,,BYSZB89,6852,EQS,USD,405862,405862,3588,,,,100,,,Pay
36.949,,BYSZB89,6852,EQS,USD,405863,405863,3588,,,,100,,,Pay
36.949,,BYSZB89,6852,EQS,USD,405864,405864,3588,,,,100,,,Pay
36.949,,BYSZB89,6852,EQS,USD,405865,405865,3588,,,,100,,,Pay
36.949,,BYSZB89,6852,EQS,USD,405866,405866,3588,,,,100,,,Pay
36.949,,BYSZB89,6852,EQS,USD,405867,405867,3588,,,,100,,,Pay
36.949,,BYSZB89,6852,EQS,USD,405868,405868,3588,,,,100,,,Pay
36.949,,BYSZB89,6852,EQS,USD,405869,405869,3588,,,,100,,,Pay
36.949,,BYSZB89,6852,EQS,USD,405870,405870,3588,,,,100,,,Pay
36.949,,BYSZB89,6852,EQS,USD,405871,405871,3588,,,,100,,,Pay
36.949,,BYSZB89,6852,EQS,USD,405872,405872,3588,,,,100,,,Pay
36.949,,BYSZB89,6852,EQS,USD,405873,405873,3588,,,,100,,,Pay
36.949,,BYSZB89,6852,EQS,USD,405874,405874,3588,,,,100,,,Pay
36.949,,BYSZB89,6852,EQS,USD,405875,405875,3588,,,,100,,,Pay
36.949,,BYSZB89,6852,EQS,USD,405876,405876,3588,,,,100,,,Pay
36.949,,BYSZB89,6852,EQS,USD,405877,405877,3588,,,,100,,,Pay
36.949,,BYSZB89,6852,EQS,USD,405878,405878,3588,,,,100,,,Pay
36.949,,BYSZB89,6852,EQS,USD,405879,405879,3588,,,,100,,,Pay
36.949,,BYSZB89,6852,EQS,USD,405880,405880,3588,,,,100,,,Pay
36.949,,BYSZB89,6852,EQS,USD,405881,405881,3588,,,,100,,,Pay
36.949,,BYSZB89,6852,EQS,USD,405882,405882,3588,,,,100,,,Pay
36.949,,BYSZB89,6852,EQS,USD,405883,405883,3588,,,,100,,,Pay
36.949,,BYSZB89,6852,EQS,USD,405884,405884,3588,,,,100,,,Pay
36.949,,BYSZB89,6852,EQS,USD,405885,405885,3588,,,,100,,,Pay
36.949,,BYSZB89,6852,EQS,USD,405886,405886,3588,,,,100,,,Pay
36.949,,BYSZB89,6852,EQS,USD,405887,405887,3588,,,,100,,,Pay
36.949,,BYSZB89,6852,EQS,USD,405888,405888,3588,,,,100,,,Pay
36.949,,BYSZB89,6852,EQS,USD,405889,405889,3588,,,,100,,,Pay
36.949,,BYSZB89,6852,EQS,USD,405890,405890,3588,,,,100,,,Pay
36.949,,BYSZB89,6852,EQS,USD,405891,405891,3588,,,,100,,,Pay
36.949,,BYSZB89,6852,EQS,USD,405892,405892,3588,,,,100,,,Pay
36.949,,BYSZB89,6852,EQS,USD,405893,405893,3588,,,,100,,,Pay
36.949,,BYSZB89,6852,EQS,USD,405894,405894,3588,,,,100,,,Pay
36.949,,BYSZB89,6852,EQS,USD,405895,405895,3588,,,,100,,,Pay
36.949,,BYSZB89,6852,EQS,USD,405896,405896,3588,,,,100,,,Pay
36.949,,BYSZB89,6852,EQS,USD,405897,405897,3588,,,,100,,,Pay
36.949,,BYSZB89,6852,EQS,USD,405898,405898,3588,,,,100,,,Pay
36.949,,BYSZB89,6852,EQS,USD,405899,405899,3588,,,,100,,,Pay
36.949,,BYSZB89,6852,EQS,USD,405900,405900,3588,,,,100,,,Pay
36.949,,BYSZB89,6852,EQS,USD,405901,405901,3588,,,,100,,,Pay
36.949,,BYSZB89,6852,EQS,USD,405902,405902,3588,,,,100,,,Pay
36.949,,BYSZB89,6852,EQS,USD,405903,405903,3588,,,,100,,,Pay
36.949,,BYSZB89,6852,EQS,USD,405904,405904,3588,,,,100,,,Pay
36.949,,BYSZB89,6852,EQS,USD,405905,405905,3588,,,,100,,,Pay
36.949,,BYSZB89,6852,EQS,USD,405906,405906,3588,,,,100,,,Pay
36.949,,BYSZB89,6852,EQS,USD,405907,405907,3588,,,,100,,,Pay
36.949,,BYSZB89,6852,EQS,USD,405908,405908,3588,,,,100,,,Pay
36.949,,BYSZB89,6852,EQS,USD,405909,405909,3588,,,,100,,,Pay
36.949,,BYSZB89,6852,EQS,USD,405910,405910,3588,,,,100,,,Pay
36.949,,BYSZB89,6852,EQS,USD,405911,405911,3588,,,,100,,,Pay
36.949,,BYSZB89,6852,EQS,USD,405912,405912,3588,,,,100,,,Pay
36.949,,BYSZB89,6852,EQS,USD,405913,405913,3588,,,,100,,,Pay
36.949,,BYSZB89,6852,EQS,USD,405914,405914,3588,,,,100,,,Pay
36.949,,BYSZB89,6852,EQS,USD,405915,405915,3588,,,,100,,,Pay
36.949,,BYSZB89,6852,EQS,USD,405916,405916,3588,,,,100,,,Pay
36.949,,BYSZB89,6852,EQS,USD,405917,405917,3588,,,,100,,,Pay
36.949,,BYSZB89,6852,EQS,USD,405918,405918,3588,,,,100,,,Pay
36.949,,BYSZB89,6852,EQS,USD,405919,405919,3588,,,,100,,,Pay
36.949,,BYSZB89,6852,EQS,USD,405920,405920,3588,,,,100,,,Pay
36.949,,BYSZB89,6852,EQS,USD,405921,405921,3588,,,,100,,,Pay
36.949,,BYSZB89,6852,EQS,USD,405922,405922,3588,,,,100,,,Pay
36.949,,BYSZB89,6852,EQS,USD,405923,405923,3588,,,,100,,,Pay
36.949,,BYSZB89,6852,EQS,USD,405924,405924,3588,,,,100,,,Pay
36.949,,BYSZB89,6852,EQS,USD,405925,405925,3588,,,,100,,,Pay
36.949,,BYSZB89,6852,EQS,USD,405926,405926,3588,,,,100,,,Pay
36.949,,BYSZB89,6852,EQS,USD,405927,405927,3588,,,,100,,,Pay
36.949,,BYSZB89,6852,EQS,USD,405928,405928,3588,,,,100,,,Pay
36.949,,BYSZB89,6852,EQS,USD,405929,405929,3588,,,,100,,,Pay
36.949,,BYSZB89,6852,EQS,USD,405930,405930,3588,,,,100,,,Pay
36.949,,BYSZB89,6852,EQS,USD,405931,405931,3588,,,,100,,,Pay
36.949,,BYSZB89,6852,EQS,USD,405932,405932,3588,,,,100,,,Pay
36.949,,BYSZB89,6852,EQS,USD,405933,405933,3588,,,,100,,,Pay
36.949,,BYSZB89,6852,EQS,USD,405934,405934,3588,,,,100,,,Pay
36.949,,BYSZB89,6852,EQS,USD,405935,405935,3588,,,,100,,,Pay
36.949,,BYSZB89,6852,EQS,USD,405936,405936,3588,,,,100,,,Pay
36.949,,BYSZB89,6852,EQS,USD,405937,405937,3588,,,,100,,,Pay
36.949,,BYSZB89,6852,EQS,USD,405938,405938,3588,,,,100,,,Pay
36.949,,BYSZB89,6852,EQS,USD,405939,405939,3588,,,,100,,,Pay
36.949,,BYSZB89,6852,EQS,USD,405940,405940,3588,,,,100,,,Pay
36.949,,BYSZB89,6852,EQS,USD,405941,405941,3588,,,,100,,,Pay
36.949,,BYSZB89,6852,EQS,USD,405942,405942,3588,,,,100,,,Pay
36.949,,BYSZB89,6852,EQS,USD,405943,405943,3588,,,,100,,,Pay
36.949,,BYSZB89,6852,EQS,USD,405944,405944,3588,,,,100,,,Pay
36.949,,BYSZB89,6852,EQS,USD,405945,405945,3588,,,,100,,,Pay
36.949,,BYSZB89,6852,EQS,USD,405946,405946,3588,,,,100,,,Pay
36.949,,BYSZB89,6852,EQS,USD,405947,405947,3588,,,,100,,,Pay
36.949,,BYSZB89,6852,EQS,USD,405948,405948,3588,,,,100,,,Pay
36.949,,BYSZB89,6852,EQS,USD,405949,405949,3588,,,,100,,,Pay
36.949,,BYSZB89,6852,EQS,USD,405950,405950,3588,,,,100,,,Pay
36.949,,BYSZB89,6852,EQS,USD,405951,405951,3588,,,,100,,,Pay
36.949,,BYSZB89,6852,EQS,USD,405952,405952,3588,,,,100,,,Pay
36.949,,BYSZB89,6852,EQS,USD,405953,405953,3588,,,,100,,,Pay
36.949,,BYSZB89,6852,EQS,USD,405954,405954,3588,,,,100,,,Pay
36.949,,BYSZB89,6852,EQS,USD,405955,405955,3588,,,,100,,,Pay
36.949,,BYSZB89,6852,EQS,USD,405956,405956,3588,,,,100,,,Pay
36.949,,BYSZB89,6852,EQS,USD,405957,405957,3588,,,,100,,,Pay
36.949,,BYSZB89,6852,EQS,USD,405958,405958,3588,,,,100,,,Pay
36.949,,BYSZB89,6852,EQS,USD,405959,405959,3588,,,,100,,,Pay
36.949,,BYSZB89,6852,EQS,USD,405960,405960,3588,,,,100,,,Pay
36.949,,BYSZB89,6852,EQS,USD,405961,405961,3588,,,,100,,,Pay
36.949,,BYSZB89,6852,EQS,USD,405962,405962,3588,,,,100,,,Pay
36.949,,BYSZB89,6852,EQS,USD,405963,405963,3588,,,,100,,,Pay
36.949,,BYSZB89,6852,EQS,USD,405964,405964,3588,,,,100,,,Pay
14.815,1880234417,B1VS333,7025,EQS,USD,409847,409847,4182.75,1880234418,,,300,,,Receive
14.765,1887179523,B1VS333,7025,EQS,USD,410500,410500,147650,1887179524,,,10000,,,Pay
7.8988,1880234408,BBG000BL4FN7,70GB,EQS,USD,409849,409849,2285,1880234409,,,250,,,Pay
85.612,1887196796,BBG002T2NMV1,70GB,EQS,EUR,410363,410363,2500000,1887196797,,,29201.51,,,Pay
291.8094,1887196755,GB00B4K4X773,70GB,EQS,USD,410372,410372,2500000,1887196756,,,8567.236011,,,Pay
173.2504,1887196653,GB00B4Q2XT74,70GB,EQS,USD,410382,410382,2000000,1887196652,,,11543.98489,,,Receive
291.6942,1887197274,GB00B4K4X773,70GB,EQS,USD,410460,410460,2500000,1887197275,,,8570.619505,,,Pay
173.2504,1887196692,GB00B4Q2XT74,70GB,EQS,USD,410476,410476,3,1887196691,,,14429.98111,,,Receive
173.2504,1887196712,GB00B4Q2XT74,70GB,EQS,USD,410487,410487,2500000,1887196713,,,14429.98111,,,Pay
7.8988,1887179434,BBG000BL4FN7,70GB,EQS,USD,410495,410495,78988,1887179435,,,10000,,,Pay
14.815,1880234417,B1VS333,7AJF,EQS,USD,409845,409845,2788.5,1880234418,,,200,,,Receive
291.8094,1887196733,GB00B4K4X773,7AJF,EQS,USD,410369,410369,2500000,1887196732,,,8567.236011,,,Receive
173.2504,1887196653,GB00B4Q2XT74,7AJF,EQS,USD,410380,410380,2000000,1887196652,,,11543.98489,,,Receive
85.612,1887196776,BBG002T2NMV1,7AJF,EQS,EUR,410389,410389,2500000,1887196775,,,29201.51,,,Receive
173.2504,1887196672,GB00B4Q2XT74,7AJF,EQS,USD,410394,410394,2500000,1887196673,,,14429.98111,,,Pay
173.2504,1887196712,GB00B4Q2XT74,7AJF,EQS,USD,410489,410489,2500000,1887196713,,,14429.98111,,,Pay
14.765,1887179523,B1VS333,7AJF,EQS,USD,410498,410498,147650,1887179524,,,10000,,,Pay
2814.249,1845331942,6474535,7CJD,EQS,JPY,409556,409556,17166918.9,1845331943,,,6100,,,Pay
14.815,1880234417,B1VS333,7CJD,EQS,USD,410294,410294,3834.19,1880234418,,,275,,,Receive
60,,2740542,7DJD,EQS,USD,384814,384814,7000,,,,400,,,Pay
60,,2740542,7DJD,EQS,USD,384815,384815,1400,,,,320,,,Receive
7.8988,1880234408,BBG000BL4FN7,9539,EQS,USD,409848,409848,2285,1880234409,,,250,,,Pay
85.612,1887196796,BBG002T2NMV1,9539,EQS,EUR,410365,410365,2500000,1887196797,,,29201.51,,,Pay
291.8094,1887196733,GB00B4K4X773,9539,EQS,USD,410368,410368,2500000,1887196732,,,8567.236011,,,Receive
173.2504,1887196653,GB00B4Q2XT74,9539,EQS,USD,410379,410379,2000000,1887196652,,,11543.98489,,,Receive
173.2504,1887196672,GB00B4Q2XT74,9539,EQS,USD,410393,410393,2500000,1887196673,,,14429.98111,,,Pay
173.2504,1887196712,GB00B4Q2XT74,9539,EQS,USD,410488,410488,2500000,1887196713,,,14429.98111,,,Pay
7.8988,1887179434,BBG000BL4FN7,9539,EQS,USD,410496,410496,78988,1887179435,,,10000,,,Pay
14.815,1880234417,B1VS333,9577,EQS,USD,409846,409846,3137.06,1880234418,,,225,,,Receive
85.612,1887196796,BBG002T2NMV1,9577,EQS,EUR,410364,410364,2500000,1887196797,,,29201.51,,,Pay
291.8094,1887196733,GB00B4K4X773,9577,EQS,USD,410367,410367,2500000,1887196732,,,8567.236011,,,Receive
291.8094,1887196755,GB00B4K4X773,9577,EQS,USD,410371,410371,2500000,1887196756,,,8567.236011,,,Pay
85.612,1887196776,BBG002T2NMV1,9577,EQS,EUR,410388,410388,2500000,1887196775,,,29201.51,,,Receive
173.2504,1887196672,GB00B4Q2XT74,9577,EQS,USD,410392,410392,2500000,1887196673,,,14429.98111,,,Pay
291.6942,1887197274,GB00B4K4X773,9577,EQS,USD,410459,410459,2500000,1887197275,,,8570.619505,,,Pay
173.2504,1887196692,GB00B4Q2XT74,9577,EQS,USD,410475,410475,2500000,1887196691,,2,14429.98111,,,Receive
14.765,1887179523,B1VS333,9577,EQS,USD,410497,410497,147650,1887179524,,,10000,,,Pay
85.612,1887196796,BBG002T2NMV1,9752,EQS,EUR,410366,410366,2500000,1887196797,,,29201.51,,,Pay
173.2504,1887196653,GB00B4Q2XT74,9752,EQS,USD,410381,410381,2000000,1887196652,,,11543.98489,,,Receive
173.2504,1887196712,GB00B4Q2XT74,9752,EQS,USD,410490,410490,2500000,1887196713,,,14429.98111,,,Pay
7.8988,1880234408,BBG000BL4FN7,9810,EQS,USD,409850,409850,1828,1880234409,,,200,,,Pay
291.8094,1887196733,GB00B4K4X773,9810,EQS,USD,410370,410370,2500000,1887196732,,,8567.236011,,,Receive
173.2504,1887196653,GB00B4Q2XT74,9810,EQS,USD,410383,410383,2000000,1887196652,,,11543.98489,,,Receive
85.612,1887196776,BBG002T2NMV1,9810,EQS,EUR,410390,410390,2500000,1887196775,,,29201.51,,,Receive
173.2504,1887196692,GB00B4Q2XT74,9810,EQS,USD,410477,410477,2500000,1887196691,,,14429.98111,,,Receive
7.8988,1887179434,BBG000BL4FN7,9810,EQS,USD,410494,410494,78988,1887179435,,,10000,,,Pay
7.8988,1880234408,BBG000BL4FN7,9878,EQS,USD,409851,409851,2742,1880234409,,,300,,,Pay
291.8094,1887196755,GB00B4K4X773,9878,EQS,USD,410373,410373,2500000,1887196756,,,8567.236011,,,Pay
85.612,1887196776,BBG002T2NMV1,9878,EQS,EUR,410391,410391,2500000,1887196775,,,29201.51,,,Receive
173.2504,1887196672,GB00B4Q2XT74,9878,EQS,USD,410395,410395,2500000,1887196673,,,14429.98111,,,Pay
291.6942,1887197274,GB00B4K4X773,9878,EQS,USD,410461,410461,2500000,1887197275,,,8570.619505,,,Pay
7.8988,1887179434,BBG000BL4FN7,9878,EQS,USD,410493,410493,78988,1887179435,,,10000,,,Pay
268.4713,1618447763,GB00B4K4X773,TROWTEST2,EQS,USD,397584,397584,250000,1618447764,,,931.1982324,,,Receive
2256.719,,SPTR,TROWTEST1,EQS,USD,407096,407096,519045.37,,,,230,,,Pay
173.3,1863961332,GB00B4Q2XT74,TROWTEST1,EQS,USD,410327,410327,2000000,1863961331,,,11540.6809,,,Receive
1.32685,1887196898,US251799AA02,3472,TRS,USD,410399,410399,3000000,1887196899,,,2260994.08,,,Pay
,1887196920,US251799AA02,3472,TRS,USD,410416,410416,2653700,1887196919,,,2000000,,,Receive
,1887196920,US251799AA02,7025,TRS,USD,410415,410415,2653700,1887196919,,,2000000,,,Receive
,1887196816,US07556QBM69,7025,TRS,USD,410428,410428,2228150,1887196815,,,2500000,,,Receive
,1887196836,US07556QBM69,7025,TRS,USD,410429,410429,2228150,1887196837,,,2500000,,,Pay
,1887196816,US07556QBM69,70GB,TRS,USD,410427,410427,2228150,1887196815,,,2500000,,,Receive
,1887196856,US345370CR99,70GB,TRS,USD,410482,410482,2311620,1887196857,,,2500000,,,Pay
,1887196878,US345370CR99,70GB,TRS,USD,410485,410485,2311620,1887196877,,,2500000,,,Receive
,1887196898,US251799AA02,7AJF,TRS,USD,410398,410398,3317125,1887196899,,,2500000,,,Pay
,1887196920,US251799AA02,7AJF,TRS,USD,410412,410412,2653700,1887196919,,,2000000,,,Receive
,1887196836,US07556QBM69,7AJF,TRS,USD,410430,410430,2228150,1887196837,,,2500000,,,Pay
,1887196856,US345370CR99,7AJF,TRS,USD,410480,410480,2311620,1887196857,,,2500000,,,Pay
0.835,1783171598,BF0M7L0,8501,TRS,USD,407365,407365,8350000,1783171597,,,10000000,,,Receive
0.835,,TESTTESTTEST,8501,TRS,USD,407454,407454,2135590.28,,,,2500000,,,Pay
0.835,20190328SNFITSTLG1,BF0M7L0,8501,TRS,USD,407766,407766,8350000,20190328SNFITSTLG2,,,10000000,,,Receive
0.835,CPNPASSTSTLG1,BF0M7L0,8501,TRS,USD,407816,407816,8350000,CPNPASSTSTLG2,,,10000000,,,Receive
0.835,ALLINRATE1,BF0M7L0,8501,TRS,USD,407817,407817,8350000,ALLINRATE2,,,10000000,,,Pay
0.835,RATETSTLEG1,BF0M7L0,8501,TRS,USD,407833,407833,8350000,RATETSTLEG2,,,10000000,,,Receive
0.835,UPCOMINGRESETTST1L1,BF0M7L0,8501,TRS,USD,407883,407883,8350000,UPCOMINGRESETTST1L2,,,10000000,,,Pay
,1887196898,US251799AA02,9539,TRS,USD,410397,410397,3317125,1887196899,,,2500000,,,Pay
,1887196856,US345370CR99,9539,TRS,USD,410479,410479,2311620,1887196857,,,2500000,,,Pay
,1887196878,US345370CR99,9539,TRS,USD,410483,410483,2311620,1887196877,,,2500000,,,Receive
,1887196898,US251799AA02,9577,TRS,USD,410396,410396,3317125,1887196899,,,2500000,,,Pay
,1887196816,US07556QBM69,9577,TRS,USD,410425,410425,2228150,1887196815,,,2500000,,,Receive
,1887196836,US07556QBM69,9577,TRS,USD,410431,410431,2228150,1887196837,,,2500000,,,Pay
,1887196816,US07556QBM69,9752,TRS,USD,410426,410426,2228150,1887196815,,,2500000,,,Receive
,1887196856,US345370CR99,9752,TRS,USD,410481,410481,2311620,1887196857,,,2500000,,,Pay
,1887196878,US345370CR99,9752,TRS,USD,410484,410484,2311620,1887196877,,,2500000,,,Receive
,1887196920,US251799AA02,9810,TRS,USD,410413,410413,2653700,1887196919,,,2000000,,,Receive
,1887196836,US07556QBM69,9810,TRS,USD,410432,410432,2228150,1887196837,,,2500000,,,Pay
,1887196878,US345370CR99,9810,TRS,USD,410486,410486,2311620,1887196877,,,2500000,,,Receive
,1887196920,US251799AA02,9878,TRS,USD,410414,410414,2653700,1887196919,,,2000000,,,Receive
0.835,1783171598,BF0M7L0,TROWTEST1,TRS,USD,407430,407430,8350000,1783171597,,,10000000,,,Receive
0.835,,TESTTESTTEST,TROWTEST1,TRS,USD,407527,407527,8350000,,,,10000000,,,Pay
0.835,,TESTTESTTEST,TROWTEST1,TRS,USD,407619,407619,835000,,,,1000000,,,Pay
0.835,,US345370CR99,TROWTEST1,TRS,USD,409219,409219,835000,,,,1000000,,,Pay
0.99,,US345370CR99,TROWTEST1,TRS,USD,409232,409232,9900000,,,,10000000,,,Pay
0.99,,BF0M7L0,TROWTEST1,TRS,USD,409362,409362,9900000,,,,10000000,,,Pay
0.99,,BF0M7L0,TROWTEST1,TRS,USD,409551,409551,9900000,,,,10000000,,,Pay
0.99,,BF0M7L0,TROWTEST1,TRS,USD,409572,409572,9900000,,,,10000000,,,Pay
0.99,,BF0M7L0,TROWTEST1,TRS,USD,409574,409574,9900000,,,,10000000,,,Pay
0.835,,BF0M7L0,TROWTEST1,TRS,USD,410466,410466,8350000,,,,10000000,,,Receive
0.835,,BF0M7L0,TROWTEST1,TRS,USD,410474,410474,8000000,,,,9580838.32,,,Receive
